기준일자,store,브랜드그룹,브랜드,상품유형,MD,상품카테고리,상품명,SKU,reference_no,판매수량_직전3개월,판매재고금액,현재고수량,가용재고금액,입고일
2025-08-10,T2-DF2(2023),C&P2,BALENCIAGA,외산,베일리,FASHION WATCH,BALENCIAGA FASHION WATCH ITEM19,BAL-1019,BAL-REF-2019,97,811.74,30,1798.53,2025-02-01
2025-08-10,T1-DF4(2023),C&P2,BALENCIAGA,외산,베일리,NON-FIXED GOLD,BALENCIAGA NON-FIXED GOLD ITEM24,BAL-1024,BAL-REF-2024,93,324.85,12,2989.95,2025-02-01
2025-08-10,T1-DF2(2023),C&P2,BALENCIAGA,외산,베일리,GINSENG,BALENCIAGA GINSENG ITEM28,BAL-1028,BAL-REF-2028,28,2556.38,90,1789.66,2025-02-01
2025-08-10,본점,C&P2,BALENCIAGA,외산,베일리,BRACELET,BALENCIAGA BRACELET ITEM31,BAL-1031,BAL-REF-2031,67,1994.11,13,749.02,2025-02-01
2025-08-10,T1-DF2(2023),C&P2,BALENCIAGA,외산,베일리,BRACELET,BALENCIAGA BRACELET ITEM31,BAL-1031,BAL-REF-2031,105,3125.097761,21,1209.955385,2025-07-10
2025-08-10,T1-DF4(2023),C&P2,BALENCIAGA,외산,베일리,BRACELET,BALENCIAGA BRACELET ITEM31,BAL-1031,BAL-REF-2031,38,1130.987761,8,460.9353846,2025-08-01
2025-08-10,T1-DF4(2023),C&P2,BALENCIAGA,외산,베일리,HAIR ACC,BALENCIAGA HAIR ACC ITEM32,BAL-1032,BAL-REF-2032,50,724.91,34,512.53,2025-02-01
2025-08-10,T2-DF2(2023),C&P2,BALENCIAGA,외산,베일리,BRACELET,BALENCIAGA BRACELET ITEM31,BAL-1031,BAL-REF-2031,25,744.0708955,5,288.0846154,2025-08-20
2025-08-10,T2-DF4(2023),C&P2,BALENCIAGA,외산,베일리,BRACELET,BALENCIAGA BRACELET ITEM31,BAL-1031,BAL-REF-2031,94,2797.706567,19,1094.721538,2025-08-20
2025-08-10,T2-DF2(2023),C&P2,BALENCIAGA,외산,베일리,HAIR ACC,BALENCIAGA HAIR ACC ITEM36,BAL-1036,BAL-REF-2036,11,828.23,60,2675.18,2025-02-01
2025-08-10,본점,C&P2,BALENCIAGA,외산,베일리,BOTTOM,BALENCIAGA BOTTOM ITEM37,BAL-1037,BAL-REF-2037,40,2393.11,59,2957.35,2025-02-01
2025-08-10,T1-DF2(2023),C&P2,BALENCIAGA,외산,베일리,BOTTOM,BALENCIAGA BOTTOM ITEM37,BAL-1037,BAL-REF-2037,63,3769.14825,93,4661.585593,2025-07-10
2025-08-10,T1-DF4(2023),C&P2,BALENCIAGA,외산,베일리,BOTTOM,BALENCIAGA BOTTOM ITEM37,BAL-1037,BAL-REF-2037,23,1376.03825,34,1704.235593,2025-08-01
2025-08-10,T2-DF2(2023),C&P2,BALENCIAGA,외산,베일리,BOTTOM,BALENCIAGA BOTTOM ITEM37,BAL-1037,BAL-REF-2037,15,897.41625,22,1102.740678,2025-08-20
2025-08-10,T2-DF4(2023),C&P2,BALENCIAGA,외산,베일리,BOTTOM,BALENCIAGA BOTTOM ITEM37,BAL-1037,BAL-REF-2037,56,3350.354,83,4160.339831,2025-08-20
2025-08-10,T1-DF4(2023),C&P2,BALENCIAGA,외산,베일리,BODY&HAIR,BALENCIAGA BODY&HAIR ITEM8,BAL-1058,BAL-REF-2058,18,217.77,1,1127.97,2025-03-01
2025-08-10,T1-DF4(2023),C&P2,BALENCIAGA,외산,베일리,E-CIGARETTE,BALENCIAGA E-CIGARETTE ITEM33,BAL-1083,BAL-REF-2083,26,154.58,60,1749.87,2025-04-01
2025-08-10,T1-DF4(2023),C&P2,BALENCIAGA,외산,베일리,MAKE UP(FACE),BALENCIAGA MAKE UP(FACE) ITEM34,BAL-1084,BAL-REF-2084,58,462.89,90,2103.42,2025-04-01
2025-08-10,T1-DF4(2023),C&P2,BALENCIAGA,외산,베일리,DENTAL CARE,BALENCIAGA DENTAL CARE ITEM45,BAL-1095,BAL-REF-2095,17,2274.65,44,2560.49,2025-05-01
2025-08-10,T2-DF2(2023),C&P2,BALENCIAGA,외산,베일리,FASHION ACC,BALENCIAGA FASHION ACC ITEM1,BAL-1101,BAL-REF-2101,58,1540.26,30,2113.27,2025-05-01
2025-08-10,본점,C&P2,BALENCIAGA,외산,베일리,CONFECTIONARY,BALENCIAGA CONFECTIONARY ITEM3,BAL-1103,BAL-REF-2103,28,806.92,54,1937.25,2025-05-01
2025-08-10,T1-DF2(2023),C&P2,BALENCIAGA,외산,베일리,CONFECTIONARY,BALENCIAGA CONFECTIONARY ITEM3,BAL-1103,BAL-REF-2103,44,1268.017143,85,3049.375,2025-07-10
2025-08-10,T1-DF4(2023),C&P2,BALENCIAGA,외산,베일리,CONFECTIONARY,BALENCIAGA CONFECTIONARY ITEM3,BAL-1103,BAL-REF-2103,16,461.0971429,31,1112.125,2025-08-01
2025-08-10,T2-DF2(2023),C&P2,BALENCIAGA,외산,베일리,CONFECTIONARY,BALENCIAGA CONFECTIONARY ITEM3,BAL-1103,BAL-REF-2103,11,317.0042857,20,717.5,2025-08-20
2025-08-10,T2-DF4(2023),C&P2,BALENCIAGA,외산,베일리,CONFECTIONARY,BALENCIAGA CONFECTIONARY ITEM3,BAL-1103,BAL-REF-2103,40,1152.742857,76,2726.5,2025-08-20
2025-08-10,T1-DF2(2023),C&P2,BALENCIAGA,외산,베일리,RTW ETC,BALENCIAGA RTW ETC ITEM9,BAL-1109,BAL-REF-2109,20,1772.74,90,673.49,2025-05-01
2025-08-10,T2-DF4(2023),C&P2,BALENCIAGA,외산,베일리,WATCH SET,BALENCIAGA WATCH SET ITEM36,BAL-1136,BAL-REF-2136,3,2461.41,62,445.97,2025-06-01
2025-08-10,T1-DF2(2023),C&P2,BALENCIAGA,외산,베일리,SWIMWEAR,BALENCIAGA SWIMWEAR ITEM37,BAL-1137,BAL-REF-2137,69,2973.2,85,2005.73,2025-06-01
2025-08-10,본점,C&P2,BALENCIAGA,외산,베일리,JEWELRY OTHERS,BALENCIAGA JEWELRY OTHERS ITEM38,BAL-1138,BAL-REF-2138,16,2503.17,3,2510.85,2025-06-01
2025-08-10,T1-DF2(2023),C&P2,BALENCIAGA,외산,베일리,JEWELRY OTHERS,BALENCIAGA JEWELRY OTHERS ITEM38,BAL-1138,BAL-REF-2138,25,3911.203125,5,4184.75,2025-07-10
2025-08-10,T1-DF4(2023),C&P2,BALENCIAGA,외산,베일리,JEWELRY OTHERS,BALENCIAGA JEWELRY OTHERS ITEM38,BAL-1138,BAL-REF-2138,9,1408.033125,2,1673.9,2025-08-01
2025-08-10,T2-DF2(2023),C&P2,BALENCIAGA,외산,베일리,JEWELRY OTHERS,BALENCIAGA JEWELRY OTHERS ITEM38,BAL-1138,BAL-REF-2138,6,938.68875,2,1673.9,2025-08-20
2025-08-10,T2-DF4(2023),C&P2,BALENCIAGA,외산,베일리,JEWELRY OTHERS,BALENCIAGA JEWELRY OTHERS ITEM38,BAL-1138,BAL-REF-2138,23,3598.306875,5,4184.75,2025-08-20
2025-08-10,T2-DF2(2023),C&P2,BALENCIAGA,외산,베일리,AUDIO,BALENCIAGA AUDIO ITEM43,BAL-1143,BAL-REF-2143,61,999.88,90,2552.41,2025-06-01
2025-08-10,T1-DF4(2023),C&P2,BALENCIAGA,외산,베일리,PERFUME,BALENCIAGA PERFUME ITEM0,BAL-1150,BAL-REF-2150,41,2807.21,98,1032.01,2025-07-01
2025-08-10,T2-DF2(2023),C&P2,BALENCIAGA,외산,베일리,HIKING/CAMPING,BALENCIAGA HIKING/CAMPING ITEM1,BAL-1151,BAL-REF-2151,54,1481.81,42,1004.62,2025-07-01
2025-08-10,본점,C&P2,BALENCIAGA,외산,베일리,TOBACCO,BALENCIAGA TOBACCO ITEM10,BAL-1160,BAL-REF-2160,27,1066.94,40,839.19,2025-07-01
2025-08-10,T1-DF2(2023),C&P2,BALENCIAGA,외산,베일리,TOBACCO,BALENCIAGA TOBACCO ITEM10,BAL-1160,BAL-REF-2160,43,1699.200741,63,1321.72425,2025-08-01
2025-08-10,T1-DF4(2023),C&P2,BALENCIAGA,외산,베일리,TOBACCO,BALENCIAGA TOBACCO ITEM10,BAL-1160,BAL-REF-2160,16,632.2607407,23,482.53425,2025-08-01
2025-08-10,T2-DF2(2023),C&P2,BALENCIAGA,외산,베일리,TOBACCO,BALENCIAGA TOBACCO ITEM10,BAL-1160,BAL-REF-2160,10,395.162963,15,314.69625,2025-08-20
2025-08-10,T2-DF4(2023),C&P2,BALENCIAGA,외산,베일리,TOBACCO,BALENCIAGA TOBACCO ITEM10,BAL-1160,BAL-REF-2160,38,1501.619259,56,1174.866,2025-08-20
2025-08-10,본점,C&P2,BALENCIAGA,외산,베일리,SWIMWEAR,BALENCIAGA SWIMWEAR ITEM11,BAL-1161,BAL-REF-2161,44,1341.22,16,1815.08,2025-07-01
2025-08-10,T1-DF2(2023),C&P2,BALENCIAGA,외산,베일리,SWIMWEAR,BALENCIAGA SWIMWEAR ITEM11,BAL-1161,BAL-REF-2161,69,2103.276818,25,2836.0625,2025-08-01
2025-08-10,T1-DF4(2023),C&P2,BALENCIAGA,외산,베일리,SWIMWEAR,BALENCIAGA SWIMWEAR ITEM11,BAL-1161,BAL-REF-2161,25,762.0568182,9,1020.9825,2025-08-01
2025-08-10,T2-DF2(2023),C&P2,BALENCIAGA,외산,베일리,SWIMWEAR,BALENCIAGA SWIMWEAR ITEM11,BAL-1161,BAL-REF-2161,16,487.7163636,6,680.655,2025-08-20
2025-08-10,T2-DF4(2023),C&P2,BALENCIAGA,외산,베일리,SWIMWEAR,BALENCIAGA SWIMWEAR ITEM11,BAL-1161,BAL-REF-2161,62,1889.900909,23,2609.1775,2025-08-20
2025-08-10,본점,C&P2,BALENCIAGA,외산,베일리,SMART WATCH,BALENCIAGA SMART WATCH ITEM15,BAL-1165,BAL-REF-2165,11,1671.05,15,2699.08,2025-07-01
2025-08-10,T1-DF2(2023),C&P2,BALENCIAGA,외산,베일리,SMART WATCH,BALENCIAGA SMART WATCH ITEM15,BAL-1165,BAL-REF-2165,18,2734.445455,24,4318.528,2025-08-01
2025-08-10,T1-DF4(2023),C&P2,BALENCIAGA,외산,베일리,SMART WATCH,BALENCIAGA SMART WATCH ITEM15,BAL-1165,BAL-REF-2165,7,1063.395455,9,1619.448,2025-08-01
2025-08-10,T2-DF2(2023),C&P2,BALENCIAGA,외산,베일리,SMART WATCH,BALENCIAGA SMART WATCH ITEM15,BAL-1165,BAL-REF-2165,4,607.6545455,6,1079.632,2025-08-20
2025-08-10,T2-DF4(2023),C&P2,BALENCIAGA,외산,베일리,SMART WATCH,BALENCIAGA SMART WATCH ITEM15,BAL-1165,BAL-REF-2165,16,2430.618182,21,3778.712,2025-08-20
2025-08-10,본점,C&P2,BALENCIAGA,외산,베일리,KIDS WATCH,BALENCIAGA KIDS WATCH ITEM17,BAL-1167,BAL-REF-2167,6,1388.77,30,443.52,2025-07-01
2025-08-10,T1-DF2(2023),C&P2,BALENCIAGA,외산,베일리,KIDS WATCH,BALENCIAGA KIDS WATCH ITEM17,BAL-1167,BAL-REF-2167,10,2314.616667,47,694.848,2025-08-01
2025-08-10,T1-DF4(2023),C&P2,BALENCIAGA,외산,베일리,KIDS WATCH,BALENCIAGA KIDS WATCH ITEM17,BAL-1167,BAL-REF-2167,4,925.8466667,17,251.328,2025-08-01
2025-08-10,T2-DF2(2023),C&P2,BALENCIAGA,외산,베일리,KIDS WATCH,BALENCIAGA KIDS WATCH ITEM17,BAL-1167,BAL-REF-2167,3,694.385,11,162.624,2025-08-20
2025-08-10,T2-DF4(2023),C&P2,BALENCIAGA,외산,베일리,KIDS WATCH,BALENCIAGA KIDS WATCH ITEM17,BAL-1167,BAL-REF-2167,9,2083.155,42,620.928,2025-08-20
2025-08-10,본점,C&P2,BALENCIAGA,외산,베일리,HAIR,BALENCIAGA HAIR ITEM23,BAL-1173,BAL-REF-2173,42,872.85,45,1474.28,2025-07-01
2025-08-10,T1-DF2(2023),C&P2,BALENCIAGA,외산,베일리,HAIR,BALENCIAGA HAIR ITEM23,BAL-1173,BAL-REF-2173,66,1371.621429,71,2326.086222,2025-08-01
2025-08-10,T1-DF4(2023),C&P2,BALENCIAGA,외산,베일리,HAIR,BALENCIAGA HAIR ITEM23,BAL-1173,BAL-REF-2173,24,498.7714286,26,851.8062222,2025-08-01
2025-08-10,T2-DF2(2023),C&P2,BALENCIAGA,외산,베일리,HAIR,BALENCIAGA HAIR ITEM23,BAL-1173,BAL-REF-2173,16,332.5142857,17,556.9502222,2025-08-20
2025-08-10,T2-DF4(2023),C&P2,BALENCIAGA,외산,베일리,HAIR,BALENCIAGA HAIR ITEM23,BAL-1173,BAL-REF-2173,59,1226.146429,63,2063.992,2025-08-20
2025-08-10,T1-DF2(2023),C&P2,BALENCIAGA,외산,베일리,FASHION WATCH,BALENCIAGA FASHION WATCH ITEM27,BAL-1177,BAL-REF-2177,63,1143.44,38,1156.28,2025-07-01
2025-08-10,T1-DF4(2023),C&P2,BALENCIAGA,외산,베일리,JEWELRY OTHERS,BALENCIAGA JEWELRY OTHERS ITEM35,BAL-1185,BAL-REF-2185,60,811.72,19,252.09,2025-07-01
2025-08-10,본점,C&P2,BALENCIAGA,외산,베일리,WINE,BALENCIAGA WINE ITEM37,BAL-1187,BAL-REF-2187,67,653.38,9,123.03,2025-07-01
2025-08-10,T1-DF2(2023),C&P2,BALENCIAGA,외산,베일리,WINE,BALENCIAGA WINE ITEM37,BAL-1187,BAL-REF-2187,105,1023.953731,15,205.05,2025-08-01
2025-08-10,T1-DF4(2023),C&P2,BALENCIAGA,외산,베일리,WINE,BALENCIAGA WINE ITEM37,BAL-1187,BAL-REF-2187,38,370.5737313,6,82.02,2025-08-01
2025-08-10,T2-DF2(2023),C&P2,BALENCIAGA,외산,베일리,WINE,BALENCIAGA WINE ITEM37,BAL-1187,BAL-REF-2187,25,243.7985075,4,54.68,2025-08-20
2025-08-10,T2-DF4(2023),C&P2,BALENCIAGA,외산,베일리,WINE,BALENCIAGA WINE ITEM37,BAL-1187,BAL-REF-2187,94,916.6823881,13,177.71,2025-08-20
2025-08-10,T2-DF4(2023),FA,BURBERRY,외산,베일리,PEN ACCESSORIES,BURBERRY PEN ACCESSORIES ITEM10,BUR-1010,BUR-REF-2010,60,123.28,77,2694.8,2025-01-01
2025-08-10,T1-DF4(2023),FA,BURBERRY,외산,베일리,MAKE UP(FACE),BURBERRY MAKE UP(FACE) ITEM13,BUR-1013,BUR-REF-2013,77,1467.57,46,391.22,2025-01-01
2025-08-10,T1-DF4(2023),FA,BURBERRY,외산,베일리,BELT,BURBERRY BELT ITEM29,BUR-1029,BUR-REF-2029,24,585.65,30,1480.28,2025-02-01
2025-08-10,T2-DF4(2023),FA,BURBERRY,외산,베일리,CIGAR,BURBERRY CIGAR ITEM38,BUR-1038,BUR-REF-2038,42,187.58,20,1362.39,2025-02-01
2025-08-10,T2-DF2(2023),FA,BURBERRY,외산,베일리,MAKE UP OTHERS,BURBERRY MAKE UP OTHERS ITEM39,BUR-1039,BUR-REF-2039,96,2465.87,54,894.93,2025-02-01
2025-08-10,T1-DF4(2023),FA,BURBERRY,외산,베일리,ACC BAG,BURBERRY ACC BAG ITEM5,BUR-1055,BUR-REF-2055,41,958.46,64,801.14,2025-03-01
2025-08-10,T2-DF4(2023),FA,BURBERRY,외산,베일리,HAT,BURBERRY HAT ITEM21,BUR-1071,BUR-REF-2071,88,1974.03,9,1832.66,2025-04-01
2025-08-10,T2-DF2(2023),FA,BURBERRY,외산,베일리,TIE,BURBERRY TIE ITEM23,BUR-1073,BUR-REF-2073,8,1507.35,12,1226.89,2025-04-01
2025-08-10,T2-DF4(2023),FA,BURBERRY,외산,베일리,LIGHTER,BURBERRY LIGHTER ITEM29,BUR-1079,BUR-REF-2079,28,2729.37,13,845.25,2025-04-01
2025-08-10,T1-DF4(2023),FA,BURBERRY,외산,베일리,SOUVENIR,BURBERRY SOUVENIR ITEM2,BUR-1102,BUR-REF-2102,65,2472.49,0,1050.63,2025-05-01
2025-08-10,T1-DF2(2023),FA,BURBERRY,외산,베일리,RING,BURBERRY RING ITEM4,BUR-1104,BUR-REF-2104,57,52.86,0,789.37,2025-05-01
2025-08-10,T2-DF2(2023),FA,BURBERRY,외산,베일리,NON-FIXED GOLD,BURBERRY NON-FIXED GOLD ITEM9,BUR-1159,BUR-REF-2159,64,1906.92,21,2963.42,2025-07-01
2025-08-10,T1-DF4(2023),FA,BURBERRY,외산,베일리,SOUVENIR,BURBERRY SOUVENIR ITEM19,BUR-1169,BUR-REF-2169,7,197,47,879.05,2025-07-01
2025-08-10,T1-DF2(2023),FA,BURBERRY,외산,베일리,BOTTOM,BURBERRY BOTTOM ITEM28,BUR-1178,BUR-REF-2178,23,2657.5,49,823.22,2025-07-01
2025-08-10,본점,FA,BURBERRY,외산,베일리,STONE,BURBERRY STONE ITEM40,BUR-1190,BUR-REF-2190,65,2729.48,8,815.81,2025-07-10
2025-08-10,T1-DF2(2023),FA,BURBERRY,외산,베일리,STONE,BURBERRY STONE ITEM40,BUR-1190,BUR-REF-2190,102,4283.184,13,1325.69125,2025-08-01
2025-08-10,T1-DF4(2023),FA,BURBERRY,외산,베일리,STONE,BURBERRY STONE ITEM40,BUR-1190,BUR-REF-2190,37,1553.704,5,509.88125,2025-08-01
2025-08-10,T2-DF2(2023),FA,BURBERRY,외산,베일리,STONE,BURBERRY STONE ITEM40,BUR-1190,BUR-REF-2190,24,1007.808,3,305.92875,2025-08-20
2025-08-10,T2-DF4(2023),FA,BURBERRY,외산,베일리,STONE,BURBERRY STONE ITEM40,BUR-1190,BUR-REF-2190,91,3821.272,12,1223.715,2025-08-20
2025-08-10,T2-DF2(2023),FA,BURBERRY,외산,베일리,HOME ACC,BURBERRY HOME ACC ITEM43,BUR-1193,BUR-REF-2193,41,347.68,80,2822.9,2025-07-10
2025-08-10,T1-DF2(2023),FA,CELINE,외산,베일리,FASHION WATCH,CELINE FASHION WATCH ITEM21,CEL-1021,CEL-REF-2021,22,899.74,79,1216.91,2025-02-01
2025-08-10,T1-DF2(2023),FA,CELINE,외산,베일리,EYEWEAR,CELINE EYEWEAR ITEM25,CEL-1025,CEL-REF-2025,10,2730.45,33,1683.19,2025-02-01
2025-08-10,본점,FA,CELINE,외산,베일리,FOOD ETC,CELINE FOOD ETC ITEM6,CEL-1056,CEL-REF-2056,54,939.8,18,692.6,2025-03-01
2025-08-10,T1-DF2(2023),FA,CELINE,외산,베일리,FOOD ETC,CELINE FOOD ETC ITEM6,CEL-1056,CEL-REF-2056,85,1479.314815,29,1115.855556,2025-07-10
2025-08-10,T1-DF4(2023),FA,CELINE,외산,베일리,FOOD ETC,CELINE FOOD ETC ITEM6,CEL-1056,CEL-REF-2056,31,539.5148148,11,423.2555556,2025-08-01
2025-08-10,T2-DF2(2023),FA,CELINE,외산,베일리,FOOD ETC,CELINE FOOD ETC ITEM6,CEL-1056,CEL-REF-2056,20,348.0740741,7,269.3444444,2025-08-20
2025-08-10,T2-DF4(2023),FA,CELINE,외산,베일리,FOOD ETC,CELINE FOOD ETC ITEM6,CEL-1056,CEL-REF-2056,76,1322.681481,26,1000.422222,2025-08-20
2025-08-10,T1-DF4(2023),FA,CELINE,외산,베일리,SLG,CELINE SLG ITEM7,CEL-1057,CEL-REF-2057,68,118.7,67,293.24,2025-03-01
2025-08-10,T2-DF2(2023),FA,CELINE,외산,베일리,HOME ACC,CELINE HOME ACC ITEM10,CEL-1060,CEL-REF-2060,52,1638.08,27,985.46,2025-03-01
2025-08-10,T2-DF2(2023),FA,CELINE,외산,베일리,SCARF,CELINE SCARF ITEM15,CEL-1065,CEL-REF-2065,74,1632.87,95,2265.11,2025-04-01
2025-08-10,T1-DF2(2023),FA,CELINE,외산,베일리,SMART WATCH,CELINE SMART WATCH ITEM17,CEL-1067,CEL-REF-2067,79,1822.21,100,305.42,2025-04-01
2025-08-10,T2-DF4(2023),FA,CELINE,외산,베일리,PROCESSED FOOD,CELINE PROCESSED FOOD ITEM18,CEL-1068,CEL-REF-2068,58,2138.75,39,1951.03,2025-04-01
2025-08-10,T1-DF2(2023),FA,CELINE,외산,베일리,SOUVENIR,CELINE SOUVENIR ITEM25,CEL-1075,CEL-REF-2075,28,1181.76,63,796.19,2025-04-01
2025-08-10,T2-DF2(2023),FA,CELINE,외산,베일리,FOOD ETC,CELINE FOOD ETC ITEM19,CEL-1119,CEL-REF-2119,76,2273.76,33,873.38,2025-06-01
2025-08-10,T1-DF2(2023),FA,CELINE,외산,베일리,PEN ACCESSORIES,CELINE PEN ACCESSORIES ITEM22,CEL-1122,CEL-REF-2122,89,2245.72,63,2884.07,2025-06-01
2025-08-10,T2-DF4(2023),FA,CELINE,외산,베일리,OUTER,CELINE OUTER ITEM44,CEL-1144,CEL-REF-2144,4,2316.32,86,1118.03,2025-06-01
2025-08-10,본점,FA,CELINE,외산,베일리,GOLF,CELINE GOLF ITEM46,CEL-1146,CEL-REF-2146,79,1228.3,37,1479.82,2025-06-01
2025-08-10,T1-DF2(2023),FA,CELINE,외산,베일리,GOLF,CELINE GOLF ITEM46,CEL-1146,CEL-REF-2146,124,1927.964557,58,2319.717838,2025-07-10
2025-08-10,T1-DF4(2023),FA,CELINE,외산,베일리,GOLF,CELINE GOLF ITEM46,CEL-1146,CEL-REF-2146,45,699.664557,21,839.8978378,2025-08-01
2025-08-10,T2-DF2(2023),FA,CELINE,외산,베일리,GOLF,CELINE GOLF ITEM46,CEL-1146,CEL-REF-2146,29,450.8949367,14,559.9318919,2025-08-20
2025-08-10,T2-DF4(2023),FA,CELINE,외산,베일리,GOLF,CELINE GOLF ITEM46,CEL-1146,CEL-REF-2146,111,1725.839241,52,2079.747027,2025-08-20
2025-08-10,본점,FA,CELINE,외산,베일리,WATCH OTHERS,CELINE WATCH OTHERS ITEM4,CEL-1154,CEL-REF-2154,55,1562.56,30,1661.28,2025-07-01
2025-08-10,T1-DF2(2023),FA,CELINE,외산,베일리,WATCH OTHERS,CELINE WATCH OTHERS ITEM4,CEL-1154,CEL-REF-2154,86,2443.275636,47,2602.672,2025-08-01
2025-08-10,T1-DF4(2023),FA,CELINE,외산,베일리,WATCH OTHERS,CELINE WATCH OTHERS ITEM4,CEL-1154,CEL-REF-2154,31,880.7156364,17,941.392,2025-08-01
2025-08-10,T2-DF2(2023),FA,CELINE,외산,베일리,WATCH OTHERS,CELINE WATCH OTHERS ITEM4,CEL-1154,CEL-REF-2154,20,568.2036364,11,609.136,2025-08-20
2025-08-10,T2-DF4(2023),FA,CELINE,외산,베일리,WATCH OTHERS,CELINE WATCH OTHERS ITEM4,CEL-1154,CEL-REF-2154,77,2187.584,42,2325.792,2025-08-20
2025-08-10,T2-DF4(2023),FA,CELINE,외산,베일리,EYEWEAR,CELINE EYEWEAR ITEM18,CEL-1168,CEL-REF-2168,18,2510.86,51,2450.82,2025-07-01
2025-08-10,T1-DF2(2023),FA,CELINE,외산,베일리,HIKING/CAMPING,CELINE HIKING/CAMPING ITEM26,CEL-1176,CEL-REF-2176,95,698.16,81,58.74,2025-07-01
2025-08-10,T1-DF4(2023),FA,CELINE,외산,베일리,OUTER,CELINE OUTER ITEM30,CEL-1180,CEL-REF-2180,22,2778.48,94,225.59,2025-07-01
2025-08-10,T2-DF2(2023),C&P1,CHANEL,국산,영서,CAMERA,CHANEL CAMERA ITEM5,CHA-1005,CHA-REF-2005,50,2609,5,1468.96,2025-01-01
2025-08-10,T1-DF4(2023),C&P1,CHANEL,국산,영서,HOME ACC,CHANEL HOME ACC ITEM34,CHA-1034,CHA-REF-2034,77,2414.08,97,2650.91,2025-02-01
2025-08-10,T1-DF4(2023),C&P1,CHANEL,국산,영서,TIE,CHANEL TIE ITEM40,CHA-1040,CHA-REF-2040,47,1464.87,72,1497.08,2025-03-01
2025-08-10,T2-DF2(2023),C&P1,CHANEL,국산,영서,ACC BAG,CHANEL ACC BAG ITEM44,CHA-1044,CHA-REF-2044,38,2255.5,18,1932.79,2025-03-01
2025-08-10,T2-DF2(2023),C&P1,CHANEL,국산,영서,SUITS,CHANEL SUITS ITEM48,CHA-1048,CHA-REF-2048,34,275.9,14,2833.64,2025-03-01
2025-08-10,T2-DF2(2023),C&P1,CHANEL,국산,영서,EYEWEAR,CHANEL EYEWEAR ITEM4,CHA-1054,CHA-REF-2054,86,912.56,97,1967.28,2025-03-01
2025-08-10,T1-DF4(2023),C&P1,CHANEL,국산,영서,PENCIL,CHANEL PENCIL ITEM11,CHA-1061,CHA-REF-2061,99,2432.04,98,2088.23,2025-03-01
2025-08-10,본점,C&P1,CHANEL,국산,영서,BABY,CHANEL BABY ITEM12,CHA-1062,CHA-REF-2062,57,546.69,38,2166.44,2025-03-01
2025-08-10,T1-DF2(2023),C&P1,CHANEL,국산,영서,BABY,CHANEL BABY ITEM12,CHA-1062,CHA-REF-2062,89,853.6036842,60,3420.694737,2025-07-10
2025-08-10,T1-DF4(2023),C&P1,CHANEL,국산,영서,BABY,CHANEL BABY ITEM12,CHA-1062,CHA-REF-2062,32,306.9136842,22,1254.254737,2025-08-01
2025-08-10,T2-DF2(2023),C&P1,CHANEL,국산,영서,BABY,CHANEL BABY ITEM12,CHA-1062,CHA-REF-2062,21,201.4121053,14,798.1621053,2025-08-20
2025-08-10,T2-DF4(2023),C&P1,CHANEL,국산,영서,BABY,CHANEL BABY ITEM12,CHA-1062,CHA-REF-2062,80,767.2842105,54,3078.625263,2025-08-20
2025-08-10,T2-DF4(2023),C&P1,CHANEL,국산,영서,TOBACCO,CHANEL TOBACCO ITEM14,CHA-1064,CHA-REF-2064,62,1765.09,85,2637.15,2025-04-01
2025-08-10,T2-DF4(2023),C&P1,CHANEL,국산,영서,LEISURE,CHANEL LEISURE ITEM30,CHA-1080,CHA-REF-2080,50,2823.64,49,212.09,2025-04-01
2025-08-10,T2-DF2(2023),C&P1,CHANEL,국산,영서,TOY,CHANEL TOY ITEM36,CHA-1086,CHA-REF-2086,29,534.93,56,1657.34,2025-04-01
2025-08-10,T1-DF4(2023),C&P1,CHANEL,국산,영서,GINSENG,CHANEL GINSENG ITEM42,CHA-1092,CHA-REF-2092,3,2759,14,1179.79,2025-04-01
2025-08-10,본점,C&P1,CHANEL,국산,영서,CIGAR,CHANEL CIGAR ITEM46,CHA-1096,CHA-REF-2096,69,291.31,49,147.7,2025-05-01
2025-08-10,T1-DF2(2023),C&P1,CHANEL,국산,영서,CIGAR,CHANEL CIGAR ITEM46,CHA-1096,CHA-REF-2096,108,455.9634783,77,232.1,2025-07-10
2025-08-10,T1-DF4(2023),C&P1,CHANEL,국산,영서,CIGAR,CHANEL CIGAR ITEM46,CHA-1096,CHA-REF-2096,39,164.6534783,28,84.4,2025-08-01
2025-08-10,T2-DF2(2023),C&P1,CHANEL,국산,영서,CIGAR,CHANEL CIGAR ITEM46,CHA-1096,CHA-REF-2096,25,105.5471014,18,54.25714286,2025-08-20
2025-08-10,T2-DF4(2023),C&P1,CHANEL,국산,영서,CIGAR,CHANEL CIGAR ITEM46,CHA-1096,CHA-REF-2096,97,409.5227536,69,207.9857143,2025-08-20
2025-08-10,T2-DF4(2023),C&P1,CHANEL,국산,영서,NON-FIXED GOLD,CHANEL NON-FIXED GOLD ITEM8,CHA-1108,CHA-REF-2108,43,977.27,62,2055.5,2025-05-01
2025-08-10,T1-DF2(2023),C&P1,CHANEL,국산,영서,BEVERAGES,CHANEL BEVERAGES ITEM14,CHA-1114,CHA-REF-2114,34,2101.86,25,2630.81,2025-05-01
2025-08-10,T2-DF2(2023),C&P1,CHANEL,국산,영서,HOME ACC,CHANEL HOME ACC ITEM29,CHA-1129,CHA-REF-2129,52,2141.44,57,860.53,2025-06-01
2025-08-10,T1-DF2(2023),C&P1,CHANEL,국산,영서,NON-FIXED GOLD,CHANEL NON-FIXED GOLD ITEM32,CHA-1132,CHA-REF-2132,15,593.58,5,2473.33,2025-06-01
2025-08-10,T2-DF4(2023),C&P1,CHANEL,국산,영서,EARRING,CHANEL EARRING ITEM34,CHA-1134,CHA-REF-2134,35,849.12,21,530.9,2025-06-01
2025-08-10,본점,C&P1,CHANEL,국산,영서,WINE,CHANEL WINE ITEM35,CHA-1135,CHA-REF-2135,95,876,37,2105.83,2025-06-01
2025-08-10,T1-DF2(2023),C&P1,CHANEL,국산,영서,WINE,CHANEL WINE ITEM35,CHA-1135,CHA-REF-2135,149,1373.936842,58,3301.030811,2025-07-10
2025-08-10,T1-DF4(2023),C&P1,CHANEL,국산,영서,WINE,CHANEL WINE ITEM35,CHA-1135,CHA-REF-2135,54,497.9368421,21,1195.200811,2025-08-01
2025-08-10,T2-DF2(2023),C&P1,CHANEL,국산,영서,WINE,CHANEL WINE ITEM35,CHA-1135,CHA-REF-2135,35,322.7368421,14,796.8005405,2025-08-20
2025-08-10,T2-DF4(2023),C&P1,CHANEL,국산,영서,WINE,CHANEL WINE ITEM35,CHA-1135,CHA-REF-2135,133,1226.4,52,2959.544865,2025-08-20
2025-08-10,T1-DF4(2023),C&P1,CHANEL,국산,영서,CAMERA,CHANEL CAMERA ITEM6,CHA-1156,CHA-REF-2156,2,612.65,71,889.91,2025-07-01
2025-08-10,T2-DF4(2023),C&P1,CHANEL,국산,영서,JEWLERY WATCH,CHANEL JEWLERY WATCH ITEM31,CHA-1181,CHA-REF-2181,66,197.28,61,149.18,2025-07-01
2025-08-10,T2-DF2(2023),C&P1,CHANEL,국산,영서,WATCH ACC,CHANEL WATCH ACC ITEM33,CHA-1183,CHA-REF-2183,95,648.73,60,256.39,2025-07-01
2025-08-10,T1-DF2(2023),C&P1,CHANEL,국산,영서,E-CIGARETTE,CHANEL E-CIGARETTE ITEM34,CHA-1184,CHA-REF-2184,47,2358.39,20,870.14,2025-07-01
2025-08-10,T1-DF4(2023),C&P1,CHANEL,국산,영서,CASUAL SHOES,CHANEL CASUAL SHOES ITEM44,CHA-1194,CHA-REF-2194,50,2999.5,36,1749.05,2025-07-10
2025-08-10,T1-DF2(2023),C&P1,CHANEL,국산,영서,OUTER,CHANEL OUTER ITEM47,CHA-1197,CHA-REF-2197,34,2808.86,34,2371.32,2025-07-10
2025-08-10,T1-DF2(2023),C&P2,DIOR,국산,영서,LLG,DIOR LLG ITEM4,DIO-1004,DIO-REF-2004,39,2258.83,61,2074.09,2025-01-01
2025-08-10,T2-DF2(2023),C&P2,DIOR,국산,영서,NAIL&PEDI CARE,DIOR NAIL&PEDI CARE ITEM16,DIO-1016,DIO-REF-2016,27,2090.23,45,1857.02,2025-01-01
2025-08-10,본점,C&P2,DIOR,국산,영서,SWIMWEAR,DIOR SWIMWEAR ITEM20,DIO-1020,DIO-REF-2020,18,381.62,69,1878.41,2025-02-01
2025-08-10,T1-DF2(2023),C&P2,DIOR,국산,영서,SWIMWEAR,DIOR SWIMWEAR ITEM20,DIO-1020,DIO-REF-2020,29,614.8322222,108,2940.12,2025-07-10
2025-08-10,T1-DF4(2023),C&P2,DIOR,국산,영서,SWIMWEAR,DIOR SWIMWEAR ITEM20,DIO-1020,DIO-REF-2020,11,233.2122222,39,1061.71,2025-08-01
2025-08-10,T2-DF2(2023),C&P2,DIOR,국산,영서,SWIMWEAR,DIOR SWIMWEAR ITEM20,DIO-1020,DIO-REF-2020,7,148.4077778,25,680.5833333,2025-08-20
2025-08-10,T2-DF4(2023),C&P2,DIOR,국산,영서,SWIMWEAR,DIOR SWIMWEAR ITEM20,DIO-1020,DIO-REF-2020,26,551.2288889,97,2640.663333,2025-08-20
2025-08-10,T2-DF2(2023),C&P2,DIOR,국산,영서,BODY&HAIR,DIOR BODY&HAIR ITEM30,DIO-1030,DIO-REF-2030,65,1039.84,67,2853.96,2025-02-01
2025-08-10,T1-DF4(2023),C&P2,DIOR,국산,영서,LEISURE,DIOR LEISURE ITEM41,DIO-1041,DIO-REF-2041,7,951.3,76,1153.27,2025-03-01
2025-08-10,T2-DF2(2023),C&P2,DIOR,국산,영서,RTW ETC,DIOR RTW ETC ITEM45,DIO-1045,DIO-REF-2045,52,2970.36,78,2706.77,2025-03-01
2025-08-10,T1-DF2(2023),C&P2,DIOR,국산,영서,JEWELRY SET,DIOR JEWELRY SET ITEM46,DIO-1046,DIO-REF-2046,74,385.73,100,1578.1,2025-03-01
2025-08-10,T1-DF4(2023),C&P2,DIOR,국산,영서,FASHION ACC,DIOR FASHION ACC ITEM49,DIO-1049,DIO-REF-2049,100,191.34,26,1170.94,2025-03-01
2025-08-10,T1-DF2(2023),C&P2,DIOR,국산,영서,STONE,DIOR STONE ITEM20,DIO-1070,DIO-REF-2070,18,1716.68,70,942.3,2025-04-01
2025-08-10,T2-DF2(2023),C&P2,DIOR,국산,영서,SPORTS WATCH,DIOR SPORTS WATCH ITEM38,DIO-1088,DIO-REF-2088,98,922.88,5,1184.71,2025-04-01
2025-08-10,T1-DF2(2023),C&P2,DIOR,국산,영서,SCARF,DIOR SCARF ITEM43,DIO-1093,DIO-REF-2093,33,924.24,24,2852.34,2025-05-01
2025-08-10,T2-DF4(2023),C&P2,DIOR,국산,영서,RTW ETC,DIOR RTW ETC ITEM5,DIO-1105,DIO-REF-2105,99,2801.62,66,1673.4,2025-05-01
2025-08-10,본점,C&P2,DIOR,국산,영서,GINSENG,DIOR GINSENG ITEM6,DIO-1106,DIO-REF-2106,13,2182.01,51,1723.47,2025-05-01
2025-08-10,T1-DF2(2023),C&P2,DIOR,국산,영서,GINSENG,DIOR GINSENG ITEM6,DIO-1106,DIO-REF-2106,21,3524.785385,80,2703.482353,2025-07-10
2025-08-10,T1-DF4(2023),C&P2,DIOR,국산,영서,GINSENG,DIOR GINSENG ITEM6,DIO-1106,DIO-REF-2106,8,1342.775385,29,980.0123529,2025-08-01
2025-08-10,T2-DF2(2023),C&P2,DIOR,국산,영서,GINSENG,DIOR GINSENG ITEM6,DIO-1106,DIO-REF-2106,5,839.2346154,19,642.0770588,2025-08-20
2025-08-10,T2-DF4(2023),C&P2,DIOR,국산,영서,GINSENG,DIOR GINSENG ITEM6,DIO-1106,DIO-REF-2106,19,3189.091538,72,2433.134118,2025-08-20
2025-08-10,T2-DF2(2023),C&P2,DIOR,국산,영서,ACC BAG,DIOR ACC BAG ITEM12,DIO-1112,DIO-REF-2112,37,445.92,71,899.99,2025-05-01
2025-08-10,T2-DF4(2023),C&P2,DIOR,국산,영서,PENCIL,DIOR PENCIL ITEM13,DIO-1113,DIO-REF-2113,91,1430.61,70,1323.94,2025-05-01
2025-08-10,T2-DF4(2023),C&P2,DIOR,국산,영서,HIKING/CAMPING,DIOR HIKING/CAMPING ITEM33,DIO-1133,DIO-REF-2133,69,1817.25,25,1931.31,2025-06-01
2025-08-10,본점,C&P2,DIOR,국산,영서,GOLF,DIOR GOLF ITEM39,DIO-1139,DIO-REF-2139,29,954.78,80,445.58,2025-06-01
2025-08-10,T1-DF2(2023),C&P2,DIOR,국산,영서,GOLF,DIOR GOLF ITEM39,DIO-1139,DIO-REF-2139,46,1514.478621,125,696.21875,2025-07-10
2025-08-10,T1-DF4(2023),C&P2,DIOR,국산,영서,GOLF,DIOR GOLF ITEM39,DIO-1139,DIO-REF-2139,17,559.6986207,45,250.63875,2025-08-01
2025-08-10,T2-DF2(2023),C&P2,DIOR,국산,영서,GOLF,DIOR GOLF ITEM39,DIO-1139,DIO-REF-2139,11,362.157931,29,161.52275,2025-08-20
2025-08-10,T2-DF4(2023),C&P2,DIOR,국산,영서,GOLF,DIOR GOLF ITEM39,DIO-1139,DIO-REF-2139,41,1349.861379,112,623.812,2025-08-20
2025-08-10,T2-DF2(2023),C&P2,DIOR,국산,영서,LIVING,DIOR LIVING ITEM49,DIO-1149,DIO-REF-2149,94,1705.49,60,416.03,2025-06-01
2025-08-10,본점,C&P2,DIOR,국산,영서,WATCH SET,DIOR WATCH SET ITEM12,DIO-1162,DIO-REF-2162,8,2867.16,22,1718.19,2025-07-01
2025-08-10,T1-DF2(2023),C&P2,DIOR,국산,영서,WATCH SET,DIOR WATCH SET ITEM12,DIO-1162,DIO-REF-2162,13,4659.135,35,2733.484091,2025-08-01
2025-08-10,T1-DF4(2023),C&P2,DIOR,국산,영서,WATCH SET,DIOR WATCH SET ITEM12,DIO-1162,DIO-REF-2162,5,1791.975,13,1015.294091,2025-08-01
2025-08-10,T2-DF2(2023),C&P2,DIOR,국산,영서,WATCH SET,DIOR WATCH SET ITEM12,DIO-1162,DIO-REF-2162,3,1075.185,8,624.7963636,2025-08-20
2025-08-10,T2-DF4(2023),C&P2,DIOR,국산,영서,WATCH SET,DIOR WATCH SET ITEM12,DIO-1162,DIO-REF-2162,12,4300.74,31,2421.085909,2025-08-20
2025-08-10,T1-DF2(2023),C&P2,DIOR,국산,영서,NON-FIXED GOLD,DIOR NON-FIXED GOLD ITEM20,DIO-1170,DIO-REF-2170,90,839.44,16,1683.51,2025-07-01
2025-08-10,본점,C&P2,DIOR,국산,영서,HAIR ACC,DIOR HAIR ACC ITEM21,DIO-1171,DIO-REF-2171,62,1147.85,27,1188.51,2025-07-01
2025-08-10,T1-DF2(2023),C&P2,DIOR,국산,영서,HAIR ACC,DIOR HAIR ACC ITEM21,DIO-1171,DIO-REF-2171,97,1795.829839,43,1892.812222,2025-08-01
2025-08-10,T1-DF4(2023),C&P2,DIOR,국산,영서,HAIR ACC,DIOR HAIR ACC ITEM21,DIO-1171,DIO-REF-2171,35,647.9798387,16,704.3022222,2025-08-01
2025-08-10,T2-DF2(2023),C&P2,DIOR,국산,영서,HAIR ACC,DIOR HAIR ACC ITEM21,DIO-1171,DIO-REF-2171,23,425.8153226,10,440.1888889,2025-08-20
2025-08-10,T2-DF4(2023),C&P2,DIOR,국산,영서,HAIR ACC,DIOR HAIR ACC ITEM21,DIO-1171,DIO-REF-2171,87,1610.692742,38,1672.717778,2025-08-20
2025-08-10,T2-DF4(2023),C&P2,DIOR,국산,영서,GINSENG,DIOR GINSENG ITEM22,DIO-1172,DIO-REF-2172,99,466.66,87,2127.5,2025-07-01
2025-08-10,T1-DF2(2023),C&P2,DIOR,국산,영서,KIDS WATCH,DIOR KIDS WATCH ITEM25,DIO-1175,DIO-REF-2175,5,1577.74,53,2374.75,2025-07-01
2025-08-10,본점,C&P2,DIOR,국산,영서,BELT,DIOR BELT ITEM29,DIO-1179,DIO-REF-2179,26,2184.12,86,1162.24,2025-07-01
2025-08-10,T1-DF2(2023),C&P2,DIOR,국산,영서,BELT,DIOR BELT ITEM29,DIO-1179,DIO-REF-2179,41,3444.189231,135,1824.446512,2025-08-01
2025-08-10,T1-DF4(2023),C&P2,DIOR,국산,영서,BELT,DIOR BELT ITEM29,DIO-1179,DIO-REF-2179,15,1260.069231,49,662.2065116,2025-08-01
2025-08-10,T2-DF2(2023),C&P2,DIOR,국산,영서,BELT,DIOR BELT ITEM29,DIO-1179,DIO-REF-2179,10,840.0461538,31,418.9469767,2025-08-20
2025-08-10,T2-DF4(2023),C&P2,DIOR,국산,영서,BELT,DIOR BELT ITEM29,DIO-1179,DIO-REF-2179,37,3108.170769,121,1635.244651,2025-08-20
2025-08-10,T1-DF2(2023),C&P2,DIOR,국산,영서,DENTAL CARE,DIOR DENTAL CARE ITEM32,DIO-1182,DIO-REF-2182,24,1953.19,51,2936.35,2025-07-01
2025-08-10,T1-DF2(2023),C&P2,DIOR,국산,영서,CAMERA,DIOR CAMERA ITEM39,DIO-1189,DIO-REF-2189,1,2668.53,67,1847.73,2025-07-01
2025-08-10,본점,C&P2,DIOR,국산,영서,PROCESSED FOOD,DIOR PROCESSED FOOD ITEM45,DIO-1195,DIO-REF-2195,60,2510.98,32,2439.61,2025-07-10
2025-08-10,T1-DF2(2023),C&P2,DIOR,국산,영서,PROCESSED FOOD,DIOR PROCESSED FOOD ITEM45,DIO-1195,DIO-REF-2195,94,3933.868667,50,3811.890625,2025-08-01
2025-08-10,T1-DF4(2023),C&P2,DIOR,국산,영서,PROCESSED FOOD,DIOR PROCESSED FOOD ITEM45,DIO-1195,DIO-REF-2195,34,1422.888667,18,1372.280625,2025-08-01
2025-08-10,T2-DF2(2023),C&P2,DIOR,국산,영서,PROCESSED FOOD,DIOR PROCESSED FOOD ITEM45,DIO-1195,DIO-REF-2195,22,920.6926667,12,914.85375,2025-08-20
2025-08-10,T2-DF4(2023),C&P2,DIOR,국산,영서,PROCESSED FOOD,DIOR PROCESSED FOOD ITEM45,DIO-1195,DIO-REF-2195,84,3515.372,45,3430.701563,2025-08-20
2025-08-10,T1-DF4(2023),C&P2,DIOR,국산,영서,PEN & LIGHTER,DIOR PEN & LIGHTER ITEM46,DIO-1196,DIO-REF-2196,98,2023.85,41,2227.41,2025-07-10
2025-08-10,T2-DF4(2023),C&P2,DIOR,국산,영서,JEWLERY WATCH,DIOR JEWLERY WATCH ITEM49,DIO-1199,DIO-REF-2199,81,2261.36,2,2680.5,2025-07-10
2025-08-10,본점,LT&SC,FENDI,외산,타잔,PROCESSED FOOD,FENDI PROCESSED FOOD ITEM7,FEN-1007,FEN-REF-2007,35,1559.52,31,1163.6,2025-01-01
2025-08-10,T1-DF2(2023),LT&SC,FENDI,외산,타잔,PROCESSED FOOD,FENDI PROCESSED FOOD ITEM7,FEN-1007,FEN-REF-2007,55,2450.674286,49,1839.23871,2025-07-10
2025-08-10,T1-DF4(2023),LT&SC,FENDI,외산,타잔,PROCESSED FOOD,FENDI PROCESSED FOOD ITEM7,FEN-1007,FEN-REF-2007,20,891.1542857,18,675.6387097,2025-08-01
2025-08-10,T2-DF2(2023),LT&SC,FENDI,외산,타잔,PROCESSED FOOD,FENDI PROCESSED FOOD ITEM7,FEN-1007,FEN-REF-2007,13,579.2502857,12,450.4258065,2025-08-20
2025-08-10,T2-DF4(2023),LT&SC,FENDI,외산,타잔,PROCESSED FOOD,FENDI PROCESSED FOOD ITEM7,FEN-1007,FEN-REF-2007,49,2183.328,44,1651.56129,2025-08-20
2025-08-10,T2-DF4(2023),LT&SC,FENDI,외산,타잔,CAMERA,FENDI CAMERA ITEM8,FEN-1008,FEN-REF-2008,14,2247.46,86,1219.3,2025-01-01
2025-08-10,T1-DF2(2023),LT&SC,FENDI,외산,타잔,RING,FENDI RING ITEM9,FEN-1009,FEN-REF-2009,47,2829.67,52,653.7,2025-01-01
2025-08-10,T2-DF4(2023),LT&SC,FENDI,외산,타잔,MAKE UP(FACE),FENDI MAKE UP(FACE) ITEM12,FEN-1012,FEN-REF-2012,87,2579.49,63,576.98,2025-01-01
2025-08-10,T2-DF4(2023),LT&SC,FENDI,외산,타잔,GINSENG,FENDI GINSENG ITEM42,FEN-1042,FEN-REF-2042,66,252.51,82,2824.31,2025-03-01
2025-08-10,T1-DF2(2023),LT&SC,FENDI,외산,타잔,AUDIO,FENDI AUDIO ITEM1,FEN-1051,FEN-REF-2051,17,2525.23,96,2124.34,2025-03-01
2025-08-10,본점,LT&SC,FENDI,외산,타잔,HAIR ACC,FENDI HAIR ACC ITEM16,FEN-1066,FEN-REF-2066,45,2776.86,20,1559.76,2025-04-01
2025-08-10,T1-DF2(2023),LT&SC,FENDI,외산,타잔,HAIR ACC,FENDI HAIR ACC ITEM16,FEN-1066,FEN-REF-2066,71,4381.268,32,2495.616,2025-07-10
2025-08-10,T1-DF4(2023),LT&SC,FENDI,외산,타잔,HAIR ACC,FENDI HAIR ACC ITEM16,FEN-1066,FEN-REF-2066,26,1604.408,12,935.856,2025-08-01
2025-08-10,T2-DF2(2023),LT&SC,FENDI,외산,타잔,HAIR ACC,FENDI HAIR ACC ITEM16,FEN-1066,FEN-REF-2066,17,1049.036,8,623.904,2025-08-20
2025-08-10,T2-DF4(2023),LT&SC,FENDI,외산,타잔,HAIR ACC,FENDI HAIR ACC ITEM16,FEN-1066,FEN-REF-2066,63,3887.604,28,2183.664,2025-08-20
2025-08-10,T1-DF2(2023),LT&SC,FENDI,외산,타잔,NAIL&PEDI CARE,FENDI NAIL&PEDI CARE ITEM22,FEN-1072,FEN-REF-2072,37,2590.42,62,1229.45,2025-04-01
2025-08-10,T2-DF4(2023),LT&SC,FENDI,외산,타잔,JEWLERY WATCH,FENDI JEWLERY WATCH ITEM32,FEN-1082,FEN-REF-2082,64,690.64,55,120.86,2025-04-01
2025-08-10,T2-DF4(2023),LT&SC,FENDI,외산,타잔,BELT,FENDI BELT ITEM39,FEN-1089,FEN-REF-2089,95,230.82,33,1030.95,2025-04-01
2025-08-10,T2-DF4(2023),LT&SC,FENDI,외산,타잔,ELECTRONICS ETC,FENDI ELECTRONICS ETC ITEM48,FEN-1098,FEN-REF-2098,3,2903.03,93,176.9,2025-05-01
2025-08-10,T2-DF4(2023),LT&SC,FENDI,외산,타잔,HAIR,FENDI HAIR ITEM26,FEN-1126,FEN-REF-2126,36,1869.95,50,2323.19,2025-06-01
2025-08-10,T1-DF4(2023),LT&SC,FENDI,외산,타잔,SMART WATCH,FENDI SMART WATCH ITEM41,FEN-1191,FEN-REF-2191,53,2861.46,81,1537.22,2025-07-10
2025-08-10,T1-DF4(2023),LF,GUCCI,국산,타잔,CONFECTIONARY,GUCCI CONFECTIONARY ITEM6,GUC-1006,GUC-REF-2006,99,2023.57,69,318.94,2025-01-01
2025-08-10,본점,LF,GUCCI,국산,타잔,WATCH OTHERS,GUCCI WATCH OTHERS ITEM17,GUC-1017,GUC-REF-2017,98,384.18,93,1841.63,2025-01-01
2025-08-10,T1-DF2(2023),LF,GUCCI,국산,타잔,WATCH OTHERS,GUCCI WATCH OTHERS ITEM17,GUC-1017,GUC-REF-2017,153,599.7912245,146,2891.161075,2025-07-10
2025-08-10,T1-DF4(2023),LF,GUCCI,국산,타잔,WATCH OTHERS,GUCCI WATCH OTHERS ITEM17,GUC-1017,GUC-REF-2017,55,215.6112245,53,1049.531075,2025-08-01
2025-08-10,T2-DF2(2023),LF,GUCCI,국산,타잔,WATCH OTHERS,GUCCI WATCH OTHERS ITEM17,GUC-1017,GUC-REF-2017,36,141.1273469,34,673.284086,2025-08-20
2025-08-10,T2-DF4(2023),LF,GUCCI,국산,타잔,WATCH OTHERS,GUCCI WATCH OTHERS ITEM17,GUC-1017,GUC-REF-2017,138,540.9881633,131,2594.123978,2025-08-20
2025-08-10,T2-DF2(2023),LF,GUCCI,국산,타잔,PERFUME,GUCCI PERFUME ITEM22,GUC-1022,GUC-REF-2022,47,2013.49,51,2775.81,2025-02-01
2025-08-10,T1-DF2(2023),LF,GUCCI,국산,타잔,LEISURE,GUCCI LEISURE ITEM26,GUC-1026,GUC-REF-2026,74,701.12,54,499.01,2025-02-01
2025-08-10,T1-DF2(2023),LF,GUCCI,국산,타잔,NAIL&PEDI CARE,GUCCI NAIL&PEDI CARE ITEM47,GUC-1047,GUC-REF-2047,63,496.74,100,1196.3,2025-03-01
2025-08-10,T1-DF2(2023),LF,GUCCI,국산,타잔,BODY,GUCCI BODY ITEM3,GUC-1053,GUC-REF-2053,59,1672.33,87,2806.99,2025-03-01
2025-08-10,T1-DF2(2023),LF,GUCCI,국산,타잔,TOBACCO,GUCCI TOBACCO ITEM19,GUC-1069,GUC-REF-2069,42,1104.08,96,758.16,2025-04-01
2025-08-10,T1-DF4(2023),LF,GUCCI,국산,타잔,GOLF,GUCCI GOLF ITEM27,GUC-1127,GUC-REF-2127,61,2569.95,7,431.48,2025-06-01
2025-08-10,T2-DF4(2023),LF,GUCCI,국산,타잔,CAMERA,GUCCI CAMERA ITEM38,GUC-1188,GUC-REF-2188,53,109.85,10,308.45,2025-07-01
2025-08-10,T2-DF2(2023),LF,GUCCI,국산,타잔,LUXURY WATCH,GUCCI LUXURY WATCH ITEM42,GUC-1192,GUC-REF-2192,84,2180.95,75,2962.63,2025-07-10
2025-08-10,T1-DF2(2023),C&P1,HERMES,국산,타잔,RING,HERMES RING ITEM1,HER-1001,HER-REF-2001,96,1804.18,8,1725.35,2025-01-01
2025-08-10,T2-DF4(2023),C&P1,HERMES,국산,타잔,CASUAL SHOES,HERMES CASUAL SHOES ITEM23,HER-1023,HER-REF-2023,56,1351.71,39,74.65,2025-02-01
2025-08-10,T2-DF4(2023),C&P1,HERMES,국산,타잔,WINE,HERMES WINE ITEM43,HER-1043,HER-REF-2043,49,967.08,90,2627.15,2025-03-01
2025-08-10,T2-DF2(2023),C&P1,HERMES,국산,타잔,CASUAL SHOES,HERMES CASUAL SHOES ITEM9,HER-1059,HER-REF-2059,55,2099.84,63,1141.27,2025-03-01
2025-08-10,T1-DF4(2023),C&P1,HERMES,국산,타잔,BABY,HERMES BABY ITEM37,HER-1087,HER-REF-2087,94,805.8,57,2104.5,2025-04-01
2025-08-10,T2-DF2(2023),C&P1,HERMES,국산,타잔,SPIRIT,HERMES SPIRIT ITEM47,HER-1097,HER-REF-2097,82,2805.94,90,2953.7,2025-05-01
2025-08-10,T2-DF4(2023),C&P1,HERMES,국산,타잔,KIDS WATCH,HERMES KIDS WATCH ITEM0,HER-1100,HER-REF-2100,6,1390.85,82,1965.94,2025-05-01
2025-08-10,T2-DF2(2023),C&P1,HERMES,국산,타잔,KIDS WATCH,HERMES KIDS WATCH ITEM10,HER-1110,HER-REF-2110,64,2516.41,30,1883.05,2025-05-01
2025-08-10,T1-DF2(2023),C&P1,HERMES,국산,타잔,MAKE UP(LIP),HERMES MAKE UP(LIP) ITEM15,HER-1115,HER-REF-2115,18,1454.55,79,1361.83,2025-05-01
2025-08-10,T1-DF2(2023),C&P1,HERMES,국산,타잔,SUPPLEMENTS,HERMES SUPPLEMENTS ITEM17,HER-1117,HER-REF-2117,93,2138.84,75,2081.61,2025-05-01
2025-08-10,T1-DF4(2023),C&P1,HERMES,국산,타잔,WINE,HERMES WINE ITEM30,HER-1130,HER-REF-2130,89,545.3,46,1270.74,2025-06-01
2025-08-10,T2-DF4(2023),C&P1,HERMES,국산,타잔,MAKE UP(EYE),HERMES MAKE UP(EYE) ITEM45,HER-1145,HER-REF-2145,49,1063.12,26,2612.33,2025-06-01
2025-08-10,T1-DF2(2023),C&P1,HERMES,국산,타잔,WATCH ACC,HERMES WATCH ACC ITEM13,HER-1163,HER-REF-2163,48,194.27,32,1923.56,2025-07-01
2025-08-10,T2-DF4(2023),C&P1,HERMES,국산,타잔,CIGAR,HERMES CIGAR ITEM36,HER-1186,HER-REF-2186,32,143.01,69,666.72,2025-07-01
2025-08-10,T2-DF2(2023),LT&SC,LOEWE,외산,애니,HOME FRAGRANCE,LOEWE HOME FRAGRANCE ITEM14,LOE-1014,LOE-REF-2014,97,1631.28,82,1421.24,2025-01-01
2025-08-10,T2-DF4(2023),LT&SC,LOEWE,외산,애니,CONFECTIONARY,LOEWE CONFECTIONARY ITEM18,LOE-1018,LOE-REF-2018,79,641.34,69,2396.91,2025-02-01
2025-08-10,본점,LT&SC,LOEWE,외산,애니,SPIRIT,LOEWE SPIRIT ITEM35,LOE-1035,LOE-REF-2035,50,2524.75,11,524.51,2025-02-01
2025-08-10,T1-DF2(2023),LT&SC,LOEWE,외산,애니,SPIRIT,LOEWE SPIRIT ITEM35,LOE-1035,LOE-REF-2035,78,3938.61,18,858.2890909,2025-07-10
2025-08-10,T1-DF4(2023),LT&SC,LOEWE,외산,애니,SPIRIT,LOEWE SPIRIT ITEM35,LOE-1035,LOE-REF-2035,28,1413.86,7,333.7790909,2025-08-01
2025-08-10,T2-DF2(2023),LT&SC,LOEWE,외산,애니,SPIRIT,LOEWE SPIRIT ITEM35,LOE-1035,LOE-REF-2035,18,908.91,4,190.7309091,2025-08-20
2025-08-10,T2-DF4(2023),LT&SC,LOEWE,외산,애니,SPIRIT,LOEWE SPIRIT ITEM35,LOE-1035,LOE-REF-2035,70,3534.65,16,762.9236364,2025-08-20
2025-08-10,본점,LT&SC,LOEWE,외산,애니,FASHION ACC,LOEWE FASHION ACC ITEM2,LOE-1052,LOE-REF-2052,56,2815.02,26,396.55,2025-03-01
2025-08-10,T1-DF2(2023),LT&SC,LOEWE,외산,애니,FASHION ACC,LOEWE FASHION ACC ITEM2,LOE-1052,LOE-REF-2052,88,4423.602857,41,625.3288462,2025-07-10
2025-08-10,T1-DF4(2023),LT&SC,LOEWE,외산,애니,FASHION ACC,LOEWE FASHION ACC ITEM2,LOE-1052,LOE-REF-2052,32,1608.582857,15,228.7788462,2025-08-01
2025-08-10,T2-DF2(2023),LT&SC,LOEWE,외산,애니,FASHION ACC,LOEWE FASHION ACC ITEM2,LOE-1052,LOE-REF-2052,21,1055.6325,10,152.5192308,2025-08-20
2025-08-10,T2-DF4(2023),LT&SC,LOEWE,외산,애니,FASHION ACC,LOEWE FASHION ACC ITEM2,LOE-1052,LOE-REF-2052,79,3971.188929,37,564.3211538,2025-08-20
2025-08-10,T1-DF2(2023),LT&SC,LOEWE,외산,애니,CAMERA,LOEWE CAMERA ITEM24,LOE-1074,LOE-REF-2074,96,2211.19,74,1701.39,2025-04-01
2025-08-10,T2-DF2(2023),LT&SC,LOEWE,외산,애니,BODY,LOEWE BODY ITEM31,LOE-1081,LOE-REF-2081,43,682.38,54,1185.93,2025-04-01
2025-08-10,T2-DF4(2023),LT&SC,LOEWE,외산,애니,HOME FRAGRANCE,LOEWE HOME FRAGRANCE ITEM40,LOE-1090,LOE-REF-2090,76,2632.56,31,587.16,2025-04-01
2025-08-10,T1-DF4(2023),LT&SC,LOEWE,외산,애니,GINSENG,LOEWE GINSENG ITEM41,LOE-1091,LOE-REF-2091,71,1170.68,91,2889.25,2025-04-01
2025-08-10,본점,LT&SC,LOEWE,외산,애니,SPORTS WATCH,LOEWE SPORTS WATCH ITEM49,LOE-1099,LOE-REF-2099,22,455.62,18,1637.92,2025-05-01
2025-08-10,T1-DF2(2023),LT&SC,LOEWE,외산,애니,SPORTS WATCH,LOEWE SPORTS WATCH ITEM49,LOE-1099,LOE-REF-2099,35,724.85,29,2638.871111,2025-07-10
2025-08-10,T1-DF4(2023),LT&SC,LOEWE,외산,애니,SPORTS WATCH,LOEWE SPORTS WATCH ITEM49,LOE-1099,LOE-REF-2099,13,269.23,11,1000.951111,2025-08-01
2025-08-10,T2-DF2(2023),LT&SC,LOEWE,외산,애니,SPORTS WATCH,LOEWE SPORTS WATCH ITEM49,LOE-1099,LOE-REF-2099,8,165.68,7,636.9688889,2025-08-20
2025-08-10,T2-DF4(2023),LT&SC,LOEWE,외산,애니,SPORTS WATCH,LOEWE SPORTS WATCH ITEM49,LOE-1099,LOE-REF-2099,31,642.01,26,2365.884444,2025-08-20
2025-08-10,본점,LT&SC,LOEWE,외산,애니,LUXURY WATCH,LOEWE LUXURY WATCH ITEM16,LOE-1116,LOE-REF-2116,18,1460.64,18,1420.22,2025-05-01
2025-08-10,T1-DF2(2023),LT&SC,LOEWE,외산,애니,LUXURY WATCH,LOEWE LUXURY WATCH ITEM16,LOE-1116,LOE-REF-2116,29,2353.253333,29,2288.132222,2025-07-10
2025-08-10,T1-DF4(2023),LT&SC,LOEWE,외산,애니,LUXURY WATCH,LOEWE LUXURY WATCH ITEM16,LOE-1116,LOE-REF-2116,11,892.6133333,11,867.9122222,2025-08-01
2025-08-10,T2-DF2(2023),LT&SC,LOEWE,외산,애니,LUXURY WATCH,LOEWE LUXURY WATCH ITEM16,LOE-1116,LOE-REF-2116,7,568.0266667,7,552.3077778,2025-08-20
2025-08-10,T2-DF4(2023),LT&SC,LOEWE,외산,애니,LUXURY WATCH,LOEWE LUXURY WATCH ITEM16,LOE-1116,LOE-REF-2116,26,2109.813333,26,2051.428889,2025-08-20
2025-08-10,T1-DF4(2023),LT&SC,LOEWE,외산,애니,ACC BAG,LOEWE ACC BAG ITEM18,LOE-1118,LOE-REF-2118,54,2963.91,70,1633.76,2025-06-01
2025-08-10,T1-DF4(2023),LT&SC,LOEWE,외산,애니,LIVING,LOEWE LIVING ITEM20,LOE-1120,LOE-REF-2120,80,795.24,8,2624.15,2025-06-01
2025-08-10,T1-DF4(2023),LT&SC,LOEWE,외산,애니,BODY&HAIR,LOEWE BODY&HAIR ITEM25,LOE-1125,LOE-REF-2125,33,327.1,40,2525.46,2025-06-01
2025-08-10,T1-DF4(2023),LT&SC,LOEWE,외산,애니,LUXURY WATCH,LOEWE LUXURY WATCH ITEM41,LOE-1141,LOE-REF-2141,33,1279.99,54,178.3,2025-06-01
2025-08-10,본점,LT&SC,LOEWE,외산,애니,OUTER,LOEWE OUTER ITEM2,LOE-1152,LOE-REF-2152,10,738.51,42,2752.05,2025-07-01
2025-08-10,T1-DF2(2023),LT&SC,LOEWE,외산,애니,OUTER,LOEWE OUTER ITEM2,LOE-1152,LOE-REF-2152,16,1181.616,66,4324.65,2025-08-01
2025-08-10,T1-DF4(2023),LT&SC,LOEWE,외산,애니,OUTER,LOEWE OUTER ITEM2,LOE-1152,LOE-REF-2152,6,443.106,24,1572.6,2025-08-01
2025-08-10,T2-DF2(2023),LT&SC,LOEWE,외산,애니,OUTER,LOEWE OUTER ITEM2,LOE-1152,LOE-REF-2152,4,295.404,16,1048.4,2025-08-20
2025-08-10,T2-DF4(2023),LT&SC,LOEWE,외산,애니,OUTER,LOEWE OUTER ITEM2,LOE-1152,LOE-REF-2152,14,1033.914,59,3865.975,2025-08-20
2025-08-10,T2-DF2(2023),LT&SC,LOEWE,외산,애니,TOP,LOEWE TOP ITEM3,LOE-1153,LOE-REF-2153,12,2996.06,62,2763.23,2025-07-01
2025-08-10,T2-DF2(2023),LT&SC,LOEWE,외산,애니,WATCH OTHERS,LOEWE WATCH OTHERS ITEM14,LOE-1164,LOE-REF-2164,45,1529.66,24,565.37,2025-07-01
2025-08-10,본점,LF,PRADA,국산,애니,PERFUME,PRADA PERFUME ITEM0,PRA-1000,PRA-REF-2000,68,1992.24,100,1993.35,2025-01-01
2025-08-10,T1-DF2(2023),LF,PRADA,국산,애니,PERFUME,PRADA PERFUME ITEM0,PRA-1000,PRA-REF-2000,107,3134.848235,156,3109.626,2025-07-10
2025-08-10,T1-DF4(2023),LF,PRADA,국산,애니,PERFUME,PRADA PERFUME ITEM0,PRA-1000,PRA-REF-2000,39,1142.608235,56,1116.276,2025-08-01
2025-08-10,T2-DF2(2023),LF,PRADA,국산,애니,PERFUME,PRADA PERFUME ITEM0,PRA-1000,PRA-REF-2000,25,732.4411765,36,717.606,2025-08-20
2025-08-10,T2-DF4(2023),LF,PRADA,국산,애니,PERFUME,PRADA PERFUME ITEM0,PRA-1000,PRA-REF-2000,96,2812.574118,140,2790.69,2025-08-20
2025-08-10,본점,LF,PRADA,국산,애니,SOUVENIR,PRADA SOUVENIR ITEM2,PRA-1002,PRA-REF-2002,18,2424.96,41,1472.2,2025-01-01
2025-08-10,T1-DF2(2023),LF,PRADA,국산,애니,SOUVENIR,PRADA SOUVENIR ITEM2,PRA-1002,PRA-REF-2002,29,3906.88,64,2298.068293,2025-07-10
2025-08-10,T1-DF4(2023),LF,PRADA,국산,애니,SOUVENIR,PRADA SOUVENIR ITEM2,PRA-1002,PRA-REF-2002,11,1481.92,23,825.8682927,2025-08-01
2025-08-10,T2-DF2(2023),LF,PRADA,국산,애니,SOUVENIR,PRADA SOUVENIR ITEM2,PRA-1002,PRA-REF-2002,7,943.04,15,538.6097561,2025-08-20
2025-08-10,T2-DF4(2023),LF,PRADA,국산,애니,SOUVENIR,PRADA SOUVENIR ITEM2,PRA-1002,PRA-REF-2002,26,3502.72,58,2082.62439,2025-08-20
2025-08-10,본점,LF,PRADA,국산,애니,FASHION WATCH,PRADA FASHION WATCH ITEM3,PRA-1003,PRA-REF-2003,87,740.32,19,1943.1,2025-01-01
2025-08-10,T1-DF2(2023),LF,PRADA,국산,애니,FASHION WATCH,PRADA FASHION WATCH ITEM3,PRA-1003,PRA-REF-2003,136,1157.281839,30,3068.052632,2025-07-10
2025-08-10,T1-DF4(2023),LF,PRADA,국산,애니,FASHION WATCH,PRADA FASHION WATCH ITEM3,PRA-1003,PRA-REF-2003,49,416.9618391,11,1124.952632,2025-08-01
2025-08-10,T2-DF2(2023),LF,PRADA,국산,애니,FASHION WATCH,PRADA FASHION WATCH ITEM3,PRA-1003,PRA-REF-2003,32,272.3016092,7,715.8789474,2025-08-20
2025-08-10,T2-DF4(2023),LF,PRADA,국산,애니,FASHION WATCH,PRADA FASHION WATCH ITEM3,PRA-1003,PRA-REF-2003,122,1038.149885,27,2761.247368,2025-08-20
2025-08-10,T1-DF2(2023),LF,PRADA,국산,애니,NECKLACE,PRADA NECKLACE ITEM11,PRA-1011,PRA-REF-2011,35,1108.21,94,2715.38,2025-01-01
2025-08-10,T2-DF2(2023),LF,PRADA,국산,애니,ACC BAG,PRADA ACC BAG ITEM15,PRA-1015,PRA-REF-2015,98,2071.88,85,2987.36,2025-01-01
2025-08-10,T1-DF2(2023),LF,PRADA,국산,애니,SPORTS WATCH,PRADA SPORTS WATCH ITEM27,PRA-1027,PRA-REF-2027,61,1450.83,52,2587.19,2025-02-01
2025-08-10,T1-DF4(2023),LF,PRADA,국산,애니,JEWELRY OTHERS,PRADA JEWELRY OTHERS ITEM33,PRA-1033,PRA-REF-2033,13,543.81,60,2707.85,2025-02-01
2025-08-10,본점,LF,PRADA,국산,애니,NAIL&PEDI CARE,PRADA NAIL&PEDI CARE ITEM0,PRA-1050,PRA-REF-2050,88,945.36,13,2970.38,2025-03-01
2025-08-10,T1-DF2(2023),LF,PRADA,국산,애니,NAIL&PEDI CARE,PRADA NAIL&PEDI CARE ITEM0,PRA-1050,PRA-REF-2050,138,1482.496364,21,4798.306154,2025-07-10
2025-08-10,T1-DF4(2023),LF,PRADA,국산,애니,NAIL&PEDI CARE,PRADA NAIL&PEDI CARE ITEM0,PRA-1050,PRA-REF-2050,50,537.1363636,8,1827.926154,2025-08-01
2025-08-10,T2-DF2(2023),LF,PRADA,국산,애니,NAIL&PEDI CARE,PRADA NAIL&PEDI CARE ITEM0,PRA-1050,PRA-REF-2050,32,343.7672727,5,1142.453846,2025-08-20
2025-08-10,T2-DF4(2023),LF,PRADA,국산,애니,NAIL&PEDI CARE,PRADA NAIL&PEDI CARE ITEM0,PRA-1050,PRA-REF-2050,124,1332.098182,19,4341.324615,2025-08-20
2025-08-10,T1-DF4(2023),LF,PRADA,국산,애니,JEWELRY SET,PRADA JEWELRY SET ITEM13,PRA-1063,PRA-REF-2063,63,1967.57,19,902.02,2025-03-01
2025-08-10,T2-DF2(2023),LF,PRADA,국산,애니,KIDS WATCH,PRADA KIDS WATCH ITEM26,PRA-1076,PRA-REF-2076,73,2226.41,64,1741.88,2025-04-01
2025-08-10,T1-DF4(2023),LF,PRADA,국산,애니,BODY,PRADA BODY ITEM27,PRA-1077,PRA-REF-2077,66,2697.73,80,1299.34,2025-04-01
2025-08-10,T1-DF4(2023),LF,PRADA,국산,애니,BRACELET,PRADA BRACELET ITEM28,PRA-1078,PRA-REF-2078,36,1287.97,49,1799.31,2025-04-01
2025-08-10,T1-DF2(2023),LF,PRADA,국산,애니,HOME FRAGRANCE,PRADA HOME FRAGRANCE ITEM35,PRA-1085,PRA-REF-2085,18,2188.7,18,2270.16,2025-04-01
2025-08-10,T1-DF4(2023),LF,PRADA,국산,애니,SLG,PRADA SLG ITEM44,PRA-1094,PRA-REF-2094,64,1910.67,57,1474.05,2025-05-01
2025-08-10,T2-DF2(2023),LF,PRADA,국산,애니,BRACELET,PRADA BRACELET ITEM7,PRA-1107,PRA-REF-2107,13,117.68,63,1372.46,2025-05-01
2025-08-10,본점,LF,PRADA,국산,애니,NON-FIXED GOLD,PRADA NON-FIXED GOLD ITEM11,PRA-1111,PRA-REF-2111,53,277.07,48,1565.65,2025-05-01
2025-08-10,T1-DF2(2023),LF,PRADA,국산,애니,NON-FIXED GOLD,PRADA NON-FIXED GOLD ITEM11,PRA-1111,PRA-REF-2111,83,433.9020755,75,2446.328125,2025-07-10
2025-08-10,T1-DF4(2023),LF,PRADA,국산,애니,NON-FIXED GOLD,PRADA NON-FIXED GOLD ITEM11,PRA-1111,PRA-REF-2111,30,156.8320755,27,880.678125,2025-08-01
2025-08-10,T2-DF2(2023),LF,PRADA,국산,애니,NON-FIXED GOLD,PRADA NON-FIXED GOLD ITEM11,PRA-1111,PRA-REF-2111,20,104.554717,18,587.11875,2025-08-20
2025-08-10,T2-DF4(2023),LF,PRADA,국산,애니,NON-FIXED GOLD,PRADA NON-FIXED GOLD ITEM11,PRA-1111,PRA-REF-2111,75,392.0801887,68,2218.004167,2025-08-20
2025-08-10,본점,LF,PRADA,국산,애니,NAIL&PEDI CARE,PRADA NAIL&PEDI CARE ITEM21,PRA-1121,PRA-REF-2121,38,1384.32,83,959.82,2025-06-01
2025-08-10,T1-DF2(2023),LF,PRADA,국산,애니,NAIL&PEDI CARE,PRADA NAIL&PEDI CARE ITEM21,PRA-1121,PRA-REF-2121,60,2185.768421,130,1503.33253,2025-07-10
2025-08-10,T1-DF4(2023),LF,PRADA,국산,애니,NAIL&PEDI CARE,PRADA NAIL&PEDI CARE ITEM21,PRA-1121,PRA-REF-2121,22,801.4484211,47,543.5125301,2025-08-01
2025-08-10,T2-DF2(2023),LF,PRADA,국산,애니,NAIL&PEDI CARE,PRADA NAIL&PEDI CARE ITEM21,PRA-1121,PRA-REF-2121,14,510.0126316,30,346.9228916,2025-08-20
2025-08-10,T2-DF4(2023),LF,PRADA,국산,애니,NAIL&PEDI CARE,PRADA NAIL&PEDI CARE ITEM21,PRA-1121,PRA-REF-2121,54,1967.191579,117,1352.999277,2025-08-20
2025-08-10,T2-DF4(2023),LF,PRADA,국산,애니,RTW ETC,PRADA RTW ETC ITEM23,PRA-1123,PRA-REF-2123,72,1025.76,86,586.08,2025-06-01
2025-08-10,T1-DF4(2023),LF,PRADA,국산,애니,WATCH ACC,PRADA WATCH ACC ITEM24,PRA-1124,PRA-REF-2124,82,2897.33,9,2836.55,2025-06-01
2025-08-10,T2-DF2(2023),LF,PRADA,국산,애니,NECKLACE,PRADA NECKLACE ITEM28,PRA-1128,PRA-REF-2128,52,1119.16,4,261.13,2025-06-01
2025-08-10,T1-DF4(2023),LF,PRADA,국산,애니,NAIL&PEDI CARE,PRADA NAIL&PEDI CARE ITEM31,PRA-1131,PRA-REF-2131,13,1890.03,39,2566.41,2025-06-01
2025-08-10,T2-DF4(2023),LF,PRADA,국산,애니,PEN ACCESSORIES,PRADA PEN ACCESSORIES ITEM40,PRA-1140,PRA-REF-2140,66,2033.7,91,1593.56,2025-06-01
2025-08-10,본점,LF,PRADA,국산,애니,FOOD ETC,PRADA FOOD ETC ITEM42,PRA-1142,PRA-REF-2142,97,232.18,72,2457.36,2025-06-01
2025-08-10,T1-DF2(2023),LF,PRADA,국산,애니,FOOD ETC,PRADA FOOD ETC ITEM42,PRA-1142,PRA-REF-2142,152,363.8284536,113,3856.69,2025-07-10
2025-08-10,T1-DF4(2023),LF,PRADA,국산,애니,FOOD ETC,PRADA FOOD ETC ITEM42,PRA-1142,PRA-REF-2142,55,131.6484536,41,1399.33,2025-08-01
2025-08-10,T2-DF2(2023),LF,PRADA,국산,애니,FOOD ETC,PRADA FOOD ETC ITEM42,PRA-1142,PRA-REF-2142,35,83.77628866,26,887.38,2025-08-20
2025-08-10,T2-DF4(2023),LF,PRADA,국산,애니,FOOD ETC,PRADA FOOD ETC ITEM42,PRA-1142,PRA-REF-2142,136,325.5307216,101,3447.13,2025-08-20
2025-08-10,본점,LF,PRADA,국산,애니,HOME,PRADA HOME ITEM47,PRA-1147,PRA-REF-2147,2,355.38,79,2894.82,2025-06-01
2025-08-10,T1-DF2(2023),LF,PRADA,국산,애니,HOME,PRADA HOME ITEM47,PRA-1147,PRA-REF-2147,4,710.76,124,4543.768101,2025-07-10
2025-08-10,T1-DF4(2023),LF,PRADA,국산,애니,HOME,PRADA HOME ITEM47,PRA-1147,PRA-REF-2147,2,355.38,45,1648.948101,2025-08-01
2025-08-10,T2-DF2(2023),LF,PRADA,국산,애니,HOME,PRADA HOME ITEM47,PRA-1147,PRA-REF-2147,1,177.69,29,1062.655443,2025-08-20
2025-08-10,T2-DF4(2023),LF,PRADA,국산,애니,HOME,PRADA HOME ITEM47,PRA-1147,PRA-REF-2147,3,533.07,111,4067.405316,2025-08-20
2025-08-10,T2-DF4(2023),LF,PRADA,국산,애니,SHOES,PRADA SHOES ITEM48,PRA-1148,PRA-REF-2148,43,2005.04,5,2078,2025-06-01
2025-08-10,본점,LF,PRADA,국산,애니,EYEWEAR,PRADA EYEWEAR ITEM5,PRA-1155,PRA-REF-2155,35,712.94,88,911.7,2025-07-01
2025-08-10,T1-DF2(2023),LF,PRADA,국산,애니,EYEWEAR,PRADA EYEWEAR ITEM5,PRA-1155,PRA-REF-2155,55,1120.334286,138,1429.711364,2025-08-01
2025-08-10,T1-DF4(2023),LF,PRADA,국산,애니,EYEWEAR,PRADA EYEWEAR ITEM5,PRA-1155,PRA-REF-2155,20,407.3942857,50,518.0113636,2025-08-01
2025-08-10,T2-DF2(2023),LF,PRADA,국산,애니,EYEWEAR,PRADA EYEWEAR ITEM5,PRA-1155,PRA-REF-2155,13,264.8062857,32,331.5272727,2025-08-20
2025-08-10,T2-DF4(2023),LF,PRADA,국산,애니,EYEWEAR,PRADA EYEWEAR ITEM5,PRA-1155,PRA-REF-2155,49,998.116,124,1284.668182,2025-08-20
2025-08-10,T1-DF2(2023),LF,PRADA,국산,애니,CAMERA,PRADA CAMERA ITEM7,PRA-1157,PRA-REF-2157,32,266.77,89,2879.63,2025-07-01
2025-08-10,T1-DF2(2023),LF,PRADA,국산,애니,SMART WATCH,PRADA SMART WATCH ITEM8,PRA-1158,PRA-REF-2158,34,1469.6,49,2826.15,2025-07-01
2025-08-10,T2-DF4(2023),LF,PRADA,국산,애니,MAKE UP OTHERS,PRADA MAKE UP OTHERS ITEM16,PRA-1166,PRA-REF-2166,92,1557.62,10,1562.94,2025-07-01
2025-08-10,T1-DF2(2023),LF,PRADA,국산,애니,PERFUME,PRADA PERFUME ITEM24,PRA-1174,PRA-REF-2174,81,485.72,42,758.64,2025-07-01
2025-08-10,T1-DF4(2023),LF,PRADA,국산,애니,RTW ETC,PRADA RTW ETC ITEM48,PRA-1198,PRA-REF-2198,20,1794.91,91,980.72,2025-07-10
